{
  "status": {
    "success": true,
    "status": 200
  },
  "info": {
    "access": {
      "seconds_to_expire": 1899956,
      "expires_at": "04/23/2022 08:42:38 EDT"
    },
    "credits": {
      "available": 656,
      "premium-credits": 0
    }
  },
  "data": {
    "id": {
      "id": "6586156848683155461",
      "username": "socialblade",
      "display_name": ""
    },
    "general": {
      "branding": {
        "avatar": null
      }
    },
    "statistics": {
      "total": {
        "followers": null,
        "following": null,
        "uploads": null,
        "likes": null
      }
    },
    "misc": {
      "grade": {
        "color": "#ae1808",
        "grade": "D-"
      },
      "sb_verified": false
    },
    "ranks": {
      "sbrank": 767490,
      "followers": 767490,
      "following": 738815,
      "uploads": 740890,
      "likes": 767595
    },
    "daily": [
      {
        "date": "2022-03-31",
        "followers": 5,
        "following": 1,
        "likes": 0,
        "uploads": 0
      },
      {
        "date": "2022-03-30",
        "followers": 5,
        "following": 1,
        "likes": 0,
        "uploads": 0
      },
      {
        "date": "2022-03-29",
        "followers": 5,
        "following": 1,
        "likes": 0,
        "uploads": 0
      },
      {
        "date": "2022-03-28",
        "followers": 5,
        "following": 1,
        "likes": 0,
        "uploads": 0
      },
      {
        "date": "2022-03-27",
        "followers": 5,
        "following": 1,
        "likes": 0,
        "uploads": 0
      },
      {
        "date": "2022-03-26",
        "followers": 5,
        "following": 1,
        "likes": 0,
        "uploads": 0
      },
      {
        "date": "2022-03-25",
        "followers": 5,
        "following": 1,
        "likes": 0,
        "uploads": 0
      },
      {
        "date": "2022-03-24",
        "followers": 5,
        "following": 1,
        "likes": 0,
        "uploads": 0
      },
      {
        "date": "2022-03-23",
        "followers": 5,
        "following": 1,
        "likes": 0,
        "uploads": 0
      },
      {
        "date": "2022-03-22",
        "followers": 5,
        "following": 1,
        "likes": 0,
        "uploads": 0
      },
      {
        "date": "2022-03-21",
        "followers": 5,
        "following": 1,
        "likes": 0,
        "uploads": 0
      },
      {
        "date": "2022-03-20",
        "followers": 5,
        "following": 1,
        "likes": 0,
        "uploads": 0
      },
      {
        "date": "2022-03-19",
        "followers": 5,
        "following": 1,
        "likes": 0,
        "uploads": 0
      },
      {
        "date": "2022-03-18",
        "followers": 5,
        "following": 1,
        "likes": 0,
        "uploads": 0
      },
      {
        "date": "2022-03-17",
        "followers": 5,
        "following": 1,
        "likes": 0,
        "uploads": 0
      },
      {
        "date": "2022-03-16",
        "followers": 5,
        "following": 1,
        "likes": 0,
        "uploads": 0
      },
      {
        "date": "2022-03-15",
        "followers": 5,
        "following": 1,
        "likes": 0,
        "uploads": 0
      },
      {
        "date": "2022-03-14",
        "followers": 5,
        "following": 1,
        "likes": 0,
        "uploads": 0
      },
      {
        "date": "2022-03-13",
        "followers": 5,
        "following": 1,
        "likes": 0,
        "uploads": 0
      },
      {
        "date": "2022-03-12",
        "followers": 5,
        "following": 1,
        "likes": 0,
        "uploads": 0
      },
      {
        "date": "2022-03-11",
        "followers": 5,
        "following": 1,
        "likes": 0,
        "uploads": 0
      },
      {
        "date": "2022-03-10",
        "followers": 5,
        "following": 1,
        "likes": 0,
        "uploads": 0
      },
      {
        "date": "2022-03-09",
        "followers": 5,
        "following": 1,
        "likes": 0,
        "uploads": 0
      },
      {
        "date": "2022-03-08",
        "followers": 5,
        "following": 1,
        "likes": 0,
        "uploads": 0
      },
      {
        "date": "2022-03-07",
        "followers": 5,
        "following": 1,
        "likes": 0,
        "uploads": 0
      },
      {
        "date": "2022-03-06",
        "followers": 5,
        "following": 1,
        "likes": 0,
        "uploads": 0
      },
      {
        "date": "2022-03-05",
        "followers": 5,
        "following": 1,
        "likes": 0,
        "uploads": 0
      },
      {
        "date": "2022-03-04",
        "followers": 5,
        "following": 1,
        "likes": 0,
        "uploads": 0
      },
      {
        "date": "2022-03-03",
        "followers": 5,
        "following": 1,
        "likes": 0,
        "uploads": 0
      },
      {
        "date": "2022-03-02",
        "followers": 5,
        "following": 1,
        "likes": 0,
        "uploads": 0
      },
      {
        "date": "2022-03-01",
        "followers": 5,
        "following": 1,
        "likes": 0,
        "uploads": 0
      },
      {
        "date": "2022-02-28",
        "followers": 5,
        "following": 1,
        "likes": 0,
        "uploads": 0
      },
      {
        "date": "2022-02-27",
        "followers": 5,
        "following": 1,
        "likes": 0,
        "uploads": 0
      },
      {
        "date": "2022-02-26",
        "followers": 5,
        "following": 1,
        "likes": 0,
        "uploads": 0
      },
      {
        "date": "2022-02-25",
        "followers": 5,
        "following": 1,
        "likes": 0,
        "uploads": 0
      },
      {
        "date": "2022-02-24",
        "followers": 5,
        "following": 1,
        "likes": 0,
        "uploads": 0
      },
      {
        "date": "2022-02-23",
        "followers": 5,
        "following": 1,
        "likes": 0,
        "uploads": 0
      },
      {
        "date": "2022-02-22",
        "followers": 5,
        "following": 1,
        "likes": 0,
        "uploads": 0
      },
      {
        "date": "2022-02-21",
        "followers": 5,
        "following": 1,
        "likes": 0,
        "uploads": 0
      },
      {
        "date": "2022-02-20",
        "followers": 5,
        "following": 1,
        "likes": 0,
        "uploads": 0
      },
      {
        "date": "2022-02-19",
        "followers": 5,
        "following": 1,
        "likes": 0,
        "uploads": 0
      },
      {
        "date": "2022-02-18",
        "followers": 5,
        "following": 1,
        "likes": 0,
        "uploads": 0
      },
      {
        "date": "2022-02-17",
        "followers": 5,
        "following": 1,
        "likes": 0,
        "uploads": 0
      },
      {
        "date": "2022-02-16",
        "followers": 5,
        "following": 1,
        "likes": 0,
        "uploads": 0
      },
      {
        "date": "2022-02-15",
        "followers": 5,
        "following": 1,
        "likes": 0,
        "uploads": 0
      },
      {
        "date": "2022-02-14",
        "followers": 5,
        "following": 1,
        "likes": 0,
        "uploads": 0
      },
      {
        "date": "2022-02-13",
        "followers": 5,
        "following": 1,
        "likes": 0,
        "uploads": 0
      },
      {
        "date": "2022-02-12",
        "followers": 5,
        "following": 1,
        "likes": 0,
        "uploads": 0
      },
      {
        "date": "2022-02-11",
        "followers": 5,
        "following": 1,
        "likes": 0,
        "uploads": 0
      },
      {
        "date": "2022-02-10",
        "followers": 5,
        "following": 1,
        "likes": 0,
        "uploads": 0
      },
      {
        "date": "2022-02-09",
        "followers": 5,
        "following": 1,
        "likes": 0,
        "uploads": 0
      },
      {
        "date": "2022-02-08",
        "followers": 5,
        "following": 1,
        "likes": 0,
        "uploads": 0
      },
      {
        "date": "2022-02-07",
        "followers": 5,
        "following": 1,
        "likes": 0,
        "uploads": 0
      },
      {
        "date": "2022-02-06",
        "followers": 5,
        "following": 1,
        "likes": 0,
        "uploads": 0
      },
      {
        "date": "2022-02-05",
        "followers": 5,
        "following": 1,
        "likes": 0,
        "uploads": 0
      },
      {
        "date": "2022-02-04",
        "followers": 5,
        "following": 1,
        "likes": 0,
        "uploads": 0
      },
      {
        "date": "2022-02-03",
        "followers": 5,
        "following": 1,
        "likes": 0,
        "uploads": 0
      },
      {
        "date": "2022-02-02",
        "followers": 5,
        "following": 1,
        "likes": 0,
        "uploads": 0
      },
      {
        "date": "2022-02-01",
        "followers": 5,
        "following": 1,
        "likes": 0,
        "uploads": 0
      },
      {
        "date": "2022-01-31",
        "followers": 5,
        "following": 1,
        "likes": 0,
        "uploads": 0
      },
      {
        "date": "2022-01-30",
        "followers": 5,
        "following": 1,
        "likes": 0,
        "uploads": 0
      },
      {
        "date": "2022-01-29",
        "followers": 5,
        "following": 1,
        "likes": 0,
        "uploads": 0
      },
      {
        "date": "2022-01-28",
        "followers": 5,
        "following": 1,
        "likes": 0,
        "uploads": 0
      },
      {
        "date": "2022-01-27",
        "followers": 5,
        "following": 1,
        "likes": 0,
        "uploads": 0
      },
      {
        "date": "2022-01-26",
        "followers": 5,
        "following": 1,
        "likes": 0,
        "uploads": 0
      },
      {
        "date": "2022-01-25",
        "followers": 5,
        "following": 1,
        "likes": 0,
        "uploads": 0
      },
      {
        "date": "2022-01-24",
        "followers": 5,
        "following": 1,
        "likes": 0,
        "uploads": 0
      },
      {
        "date": "2022-01-23",
        "followers": 5,
        "following": 1,
        "likes": 0,
        "uploads": 0
      },
      {
        "date": "2022-01-22",
        "followers": 5,
        "following": 1,
        "likes": 0,
        "uploads": 0
      },
      {
        "date": "2022-01-21",
        "followers": 5,
        "following": 1,
        "likes": 0,
        "uploads": 0
      },
      {
        "date": "2022-01-20",
        "followers": 5,
        "following": 1,
        "likes": 0,
        "uploads": 0
      },
      {
        "date": "2022-01-19",
        "followers": 5,
        "following": 1,
        "likes": 0,
        "uploads": 0
      },
      {
        "date": "2022-01-18",
        "followers": 5,
        "following": 1,
        "likes": 0,
        "uploads": 0
      },
      {
        "date": "2022-01-17",
        "followers": 5,
        "following": 1,
        "likes": 0,
        "uploads": 0
      },
      {
        "date": "2022-01-16",
        "followers": 5,
        "following": 1,
        "likes": 0,
        "uploads": 0
      },
      {
        "date": "2022-01-15",
        "followers": 5,
        "following": 1,
        "likes": 0,
        "uploads": 0
      },
      {
        "date": "2022-01-14",
        "followers": 5,
        "following": 1,
        "likes": 0,
        "uploads": 0
      },
      {
        "date": "2022-01-13",
        "followers": 5,
        "following": 1,
        "likes": 0,
        "uploads": 0
      },
      {
        "date": "2022-01-12",
        "followers": 5,
        "following": 1,
        "likes": 0,
        "uploads": 0
      },
      {
        "date": "2022-01-11",
        "followers": 5,
        "following": 1,
        "likes": 0,
        "uploads": 0
      },
      {
        "date": "2022-01-10",
        "followers": 5,
        "following": 1,
        "likes": 0,
        "uploads": 0
      },
      {
        "date": "2022-01-09",
        "followers": 5,
        "following": 1,
        "likes": 0,
        "uploads": 0
      },
      {
        "date": "2022-01-08",
        "followers": 5,
        "following": 1,
        "likes": 0,
        "uploads": 0
      },
      {
        "date": "2022-01-07",
        "followers": 5,
        "following": 1,
        "likes": 0,
        "uploads": 0
      },
      {
        "date": "2022-01-06",
        "followers": 5,
        "following": 1,
        "likes": 0,
        "uploads": 0
      },
      {
        "date": "2022-01-05",
        "followers": 5,
        "following": 1,
        "likes": 0,
        "uploads": 0
      },
      {
        "date": "2022-01-04",
        "followers": 5,
        "following": 1,
        "likes": 0,
        "uploads": 0
      },
      {
        "date": "2022-01-03",
        "followers": 5,
        "following": 1,
        "likes": 0,
        "uploads": 0
      },
      {
        "date": "2022-01-02",
        "followers": 5,
        "following": 1,
        "likes": 0,
        "uploads": 0
      },
      {
        "date": "2022-01-01",
        "followers": 5,
        "following": 1,
        "likes": 0,
        "uploads": 0
      },
      {
        "date": "2021-12-31",
        "followers": 5,
        "following": 1,
        "likes": 0,
        "uploads": 0
      },
      {
        "date": "2021-12-30",
        "followers": 5,
        "following": 1,
        "likes": 0,
        "uploads": 0
      },
      {
        "date": "2021-12-29",
        "followers": 5,
        "following": 1,
        "likes": 0,
        "uploads": 0
      },
      {
        "date": "2021-12-28",
        "followers": 5,
        "following": 1,
        "likes": 0,
        "uploads": 0
      },
      {
        "date": "2021-12-27",
        "followers": 5,
        "following": 1,
        "likes": 0,
        "uploads": 0
      },
      {
        "date": "2021-12-26",
        "followers": 5,
        "following": 1,
        "likes": 0,
        "uploads": 0
      },
      {
        "date": "2021-12-25",
        "followers": 5,
        "following": 1,
        "likes": 0,
        "uploads": 0
      },
      {
        "date": "2021-12-24",
        "followers": 5,
        "following": 1,
        "likes": 0,
        "uploads": 0
      },
      {
        "date": "2021-12-23",
        "followers": 5,
        "following": 1,
        "likes": 0,
        "uploads": 0
      },
      {
        "date": "2021-12-22",
        "followers": 5,
        "following": 1,
        "likes": 0,
        "uploads": 0
      },
      {
        "date": "2021-12-21",
        "followers": 5,
        "following": 1,
        "likes": 0,
        "uploads": 0
      },
      {
        "date": "2021-12-20",
        "followers": 5,
        "following": 1,
        "likes": 0,
        "uploads": 0
      },
      {
        "date": "2021-12-19",
        "followers": 5,
        "following": 1,
        "likes": 0,
        "uploads": 0
      },
      {
        "date": "2021-12-18",
        "followers": 5,
        "following": 1,
        "likes": 0,
        "uploads": 0
      },
      {
        "date": "2021-12-17",
        "followers": 5,
        "following": 1,
        "likes": 0,
        "uploads": 0
      },
      {
        "date": "2021-12-16",
        "followers": 5,
        "following": 1,
        "likes": 0,
        "uploads": 0
      },
      {
        "date": "2021-12-15",
        "followers": 5,
        "following": 1,
        "likes": 0,
        "uploads": 0
      },
      {
        "date": "2021-12-14",
        "followers": 5,
        "following": 1,
        "likes": 0,
        "uploads": 0
      },
      {
        "date": "2021-12-13",
        "followers": 5,
        "following": 1,
        "likes": 0,
        "uploads": 0
      },
      {
        "date": "2021-12-12",
        "followers": 5,
        "following": 1,
        "likes": 0,
        "uploads": 0
      },
      {
        "date": "2021-12-11",
        "followers": 5,
        "following": 1,
        "likes": 0,
        "uploads": 0
      },
      {
        "date": "2021-12-10",
        "followers": 5,
        "following": 1,
        "likes": 0,
        "uploads": 0
      },
      {
        "date": "2021-12-09",
        "followers": 5,
        "following": 1,
        "likes": 0,
        "uploads": 0
      },
      {
        "date": "2021-12-08",
        "followers": 5,
        "following": 1,
        "likes": 0,
        "uploads": 0
      },
      {
        "date": "2021-12-07",
        "followers": 5,
        "following": 1,
        "likes": 0,
        "uploads": 0
      },
      {
        "date": "2021-12-06",
        "followers": 5,
        "following": 1,
        "likes": 0,
        "uploads": 0
      },
      {
        "date": "2021-12-05",
        "followers": 5,
        "following": 1,
        "likes": 0,
        "uploads": 0
      },
      {
        "date": "2021-12-04",
        "followers": 5,
        "following": 1,
        "likes": 0,
        "uploads": 0
      },
      {
        "date": "2021-12-03",
        "followers": 5,
        "following": 1,
        "likes": 0,
        "uploads": 0
      },
      {
        "date": "2021-12-02",
        "followers": 5,
        "following": 1,
        "likes": 0,
        "uploads": 0
      },
      {
        "date": "2021-12-01",
        "followers": 5,
        "following": 1,
        "likes": 0,
        "uploads": 0
      },
      {
        "date": "2021-11-30",
        "followers": 5,
        "following": 1,
        "likes": 0,
        "uploads": 0
      },
      {
        "date": "2021-11-29",
        "followers": 5,
        "following": 1,
        "likes": 0,
        "uploads": 0
      },
      {
        "date": "2021-11-28",
        "followers": 5,
        "following": 1,
        "likes": 0,
        "uploads": 0
      },
      {
        "date": "2021-11-27",
        "followers": 5,
        "following": 1,
        "likes": 0,
        "uploads": 0
      },
      {
        "date": "2021-11-26",
        "followers": 5,
        "following": 1,
        "likes": 0,
        "uploads": 0
      },
      {
        "date": "2021-11-25",
        "followers": 5,
        "following": 1,
        "likes": 0,
        "uploads": 0
      },
      {
        "date": "2021-11-24",
        "followers": 5,
        "following": 1,
        "likes": 0,
        "uploads": 0
      },
      {
        "date": "2021-11-23",
        "followers": 5,
        "following": 1,
        "likes": 0,
        "uploads": 0
      },
      {
        "date": "2021-11-22",
        "followers": 5,
        "following": 1,
        "likes": 0,
        "uploads": 0
      },
      {
        "date": "2021-11-21",
        "followers": 5,
        "following": 1,
        "likes": 0,
        "uploads": 0
      },
      {
        "date": "2021-11-20",
        "followers": 5,
        "following": 1,
        "likes": 0,
        "uploads": 0
      },
      {
        "date": "2021-11-19",
        "followers": 5,
        "following": 1,
        "likes": 0,
        "uploads": 0
      },
      {
        "date": "2021-11-18",
        "followers": 5,
        "following": 1,
        "likes": 0,
        "uploads": 0
      },
      {
        "date": "2021-11-17",
        "followers": 5,
        "following": 1,
        "likes": 0,
        "uploads": 0
      },
      {
        "date": "2021-11-16",
        "followers": 5,
        "following": 1,
        "likes": 0,
        "uploads": 0
      },
      {
        "date": "2021-11-15",
        "followers": 5,
        "following": 1,
        "likes": 0,
        "uploads": 0
      },
      {
        "date": "2021-11-14",
        "followers": 5,
        "following": 1,
        "likes": 0,
        "uploads": 0
      },
      {
        "date": "2021-11-13",
        "followers": 5,
        "following": 1,
        "likes": 0,
        "uploads": 0
      },
      {
        "date": "2021-11-12",
        "followers": 5,
        "following": 1,
        "likes": 0,
        "uploads": 0
      },
      {
        "date": "2021-11-11",
        "followers": 5,
        "following": 1,
        "likes": 0,
        "uploads": 0
      },
      {
        "date": "2021-11-10",
        "followers": 5,
        "following": 1,
        "likes": 0,
        "uploads": 0
      },
      {
        "date": "2021-11-09",
        "followers": 5,
        "following": 1,
        "likes": 0,
        "uploads": 0
      },
      {
        "date": "2021-11-08",
        "followers": 5,
        "following": 1,
        "likes": 0,
        "uploads": 0
      },
      {
        "date": "2021-11-07",
        "followers": 5,
        "following": 1,
        "likes": 0,
        "uploads": 0
      },
      {
        "date": "2021-11-06",
        "followers": 5,
        "following": 1,
        "likes": 0,
        "uploads": 0
      },
      {
        "date": "2021-11-05",
        "followers": 5,
        "following": 1,
        "likes": 0,
        "uploads": 0
      },
      {
        "date": "2021-11-04",
        "followers": 5,
        "following": 1,
        "likes": 0,
        "uploads": 0
      },
      {
        "date": "2021-11-03",
        "followers": 5,
        "following": 1,
        "likes": 0,
        "uploads": 0
      },
      {
        "date": "2021-11-02",
        "followers": 5,
        "following": 1,
        "likes": 0,
        "uploads": 0
      },
      {
        "date": "2021-11-01",
        "followers": 5,
        "following": 1,
        "likes": 0,
        "uploads": 0
      },
      {
        "date": "2021-10-31",
        "followers": 5,
        "following": 1,
        "likes": 0,
        "uploads": 0
      },
      {
        "date": "2021-10-30",
        "followers": 5,
        "following": 1,
        "likes": 0,
        "uploads": 0
      },
      {
        "date": "2021-10-29",
        "followers": 5,
        "following": 1,
        "likes": 0,
        "uploads": 0
      },
      {
        "date": "2021-10-28",
        "followers": 5,
        "following": 1,
        "likes": 0,
        "uploads": 0
      },
      {
        "date": "2021-10-27",
        "followers": 5,
        "following": 1,
        "likes": 0,
        "uploads": 0
      },
      {
        "date": "2021-10-26",
        "followers": 5,
        "following": 1,
        "likes": 0,
        "uploads": 0
      },
      {
        "date": "2021-10-25",
        "followers": 5,
        "following": 1,
        "likes": 0,
        "uploads": 0
      },
      {
        "date": "2021-10-24",
        "followers": 5,
        "following": 1,
        "likes": 0,
        "uploads": 0
      },
      {
        "date": "2021-10-23",
        "followers": 5,
        "following": 1,
        "likes": 0,
        "uploads": 0
      },
      {
        "date": "2021-10-22",
        "followers": 5,
        "following": 1,
        "likes": 0,
        "uploads": 0
      },
      {
        "date": "2021-10-21",
        "followers": 5,
        "following": 1,
        "likes": 0,
        "uploads": 0
      },
      {
        "date": "2021-10-20",
        "followers": 5,
        "following": 1,
        "likes": 0,
        "uploads": 0
      },
      {
        "date": "2021-10-19",
        "followers": 5,
        "following": 1,
        "likes": 0,
        "uploads": 0
      },
      {
        "date": "2021-10-18",
        "followers": 5,
        "following": 1,
        "likes": 0,
        "uploads": 0
      },
      {
        "date": "2021-10-17",
        "followers": 5,
        "following": 1,
        "likes": 0,
        "uploads": 0
      },
      {
        "date": "2021-10-16",
        "followers": 5,
        "following": 1,
        "likes": 0,
        "uploads": 0
      },
      {
        "date": "2021-10-15",
        "followers": 5,
        "following": 1,
        "likes": 0,
        "uploads": 0
      },
      {
        "date": "2021-10-14",
        "followers": 5,
        "following": 1,
        "likes": 0,
        "uploads": 0
      },
      {
        "date": "2021-10-13",
        "followers": 5,
        "following": 1,
        "likes": 0,
        "uploads": 0
      },
      {
        "date": "2021-10-12",
        "followers": 5,
        "following": 1,
        "likes": 0,
        "uploads": 0
      },
      {
        "date": "2021-10-11",
        "followers": 5,
        "following": 1,
        "likes": 0,
        "uploads": 0
      },
      {
        "date": "2021-10-10",
        "followers": 5,
        "following": 1,
        "likes": 0,
        "uploads": 0
      },
      {
        "date": "2021-10-09",
        "followers": 5,
        "following": 1,
        "likes": 0,
        "uploads": 0
      },
      {
        "date": "2021-10-08",
        "followers": 5,
        "following": 1,
        "likes": 0,
        "uploads": 0
      },
      {
        "date": "2021-10-07",
        "followers": 5,
        "following": 1,
        "likes": 0,
        "uploads": 0
      },
      {
        "date": "2021-10-06",
        "followers": 5,
        "following": 1,
        "likes": 0,
        "uploads": 0
      },
      {
        "date": "2021-10-05",
        "followers": 5,
        "following": 1,
        "likes": 0,
        "uploads": 0
      },
      {
        "date": "2021-10-04",
        "followers": 5,
        "following": 1,
        "likes": 0,
        "uploads": 0
      },
      {
        "date": "2021-10-03",
        "followers": 5,
        "following": 1,
        "likes": 0,
        "uploads": 0
      },
      {
        "date": "2021-10-02",
        "followers": 5,
        "following": 1,
        "likes": 0,
        "uploads": 0
      },
      {
        "date": "2021-10-01",
        "followers": 5,
        "following": 1,
        "likes": 0,
        "uploads": 0
      },
      {
        "date": "2021-09-30",
        "followers": 5,
        "following": 1,
        "likes": 0,
        "uploads": 0
      },
      {
        "date": "2021-09-29",
        "followers": 5,
        "following": 1,
        "likes": 0,
        "uploads": 0
      },
      {
        "date": "2021-09-28",
        "followers": 5,
        "following": 1,
        "likes": 0,
        "uploads": 0
      },
      {
        "date": "2021-09-27",
        "followers": 5,
        "following": 1,
        "likes": 0,
        "uploads": 0
      },
      {
        "date": "2021-09-26",
        "followers": 5,
        "following": 1,
        "likes": 0,
        "uploads": 0
      },
      {
        "date": "2021-09-25",
        "followers": 5,
        "following": 1,
        "likes": 0,
        "uploads": 0
      },
      {
        "date": "2021-09-24",
        "followers": 5,
        "following": 1,
        "likes": 0,
        "uploads": 0
      },
      {
        "date": "2021-09-23",
        "followers": 5,
        "following": 1,
        "likes": 0,
        "uploads": 0
      },
      {
        "date": "2021-09-22",
        "followers": 5,
        "following": 1,
        "likes": 0,
        "uploads": 0
      },
      {
        "date": "2021-09-21",
        "followers": 5,
        "following": 1,
        "likes": 0,
        "uploads": 0
      },
      {
        "date": "2021-09-20",
        "followers": 5,
        "following": 1,
        "likes": 0,
        "uploads": 0
      },
      {
        "date": "2021-09-19",
        "followers": 5,
        "following": 1,
        "likes": 0,
        "uploads": 0
      },
      {
        "date": "2021-09-18",
        "followers": 5,
        "following": 1,
        "likes": 0,
        "uploads": 0
      },
      {
        "date": "2021-09-17",
        "followers": 5,
        "following": 1,
        "likes": 0,
        "uploads": 0
      },
      {
        "date": "2021-09-16",
        "followers": 5,
        "following": 1,
        "likes": 0,
        "uploads": 0
      },
      {
        "date": "2021-09-15",
        "followers": 5,
        "following": 1,
        "likes": 0,
        "uploads": 0
      },
      {
        "date": "2021-09-14",
        "followers": 5,
        "following": 1,
        "likes": 0,
        "uploads": 0
      },
      {
        "date": "2021-09-13",
        "followers": 5,
        "following": 1,
        "likes": 0,
        "uploads": 0
      },
      {
        "date": "2021-09-12",
        "followers": 5,
        "following": 1,
        "likes": 0,
        "uploads": 0
      },
      {
        "date": "2021-09-11",
        "followers": 5,
        "following": 1,
        "likes": 0,
        "uploads": 0
      },
      {
        "date": "2021-09-10",
        "followers": 5,
        "following": 1,
        "likes": 0,
        "uploads": 0
      },
      {
        "date": "2021-09-09",
        "followers": 5,
        "following": 1,
        "likes": 0,
        "uploads": 0
      },
      {
        "date": "2021-09-08",
        "followers": 5,
        "following": 1,
        "likes": 0,
        "uploads": 0
      },
      {
        "date": "2021-09-07",
        "followers": 5,
        "following": 1,
        "likes": 0,
        "uploads": 0
      },
      {
        "date": "2021-09-06",
        "followers": 5,
        "following": 1,
        "likes": 0,
        "uploads": 0
      },
      {
        "date": "2021-09-05",
        "followers": 5,
        "following": 1,
        "likes": 0,
        "uploads": 0
      },
      {
        "date": "2021-09-04",
        "followers": 5,
        "following": 1,
        "likes": 0,
        "uploads": 0
      },
      {
        "date": "2021-09-03",
        "followers": 5,
        "following": 1,
        "likes": 0,
        "uploads": 0
      },
      {
        "date": "2021-09-02",
        "followers": 5,
        "following": 1,
        "likes": 0,
        "uploads": 0
      },
      {
        "date": "2021-09-01",
        "followers": 5,
        "following": 1,
        "likes": 0,
        "uploads": 0
      },
      {
        "date": "2021-08-31",
        "followers": 5,
        "following": 1,
        "likes": 0,
        "uploads": 0
      },
      {
        "date": "2021-08-30",
        "followers": 5,
        "following": 1,
        "likes": 0,
        "uploads": 0
      },
      {
        "date": "2021-08-29",
        "followers": 5,
        "following": 1,
        "likes": 0,
        "uploads": 0
      },
      {
        "date": "2021-08-28",
        "followers": 5,
        "following": 1,
        "likes": 0,
        "uploads": 0
      },
      {
        "date": "2021-08-27",
        "followers": 5,
        "following": 1,
        "likes": 0,
        "uploads": 0
      },
      {
        "date": "2021-08-26",
        "followers": 5,
        "following": 1,
        "likes": 0,
        "uploads": 0
      },
      {
        "date": "2021-08-25",
        "followers": 5,
        "following": 1,
        "likes": 0,
        "uploads": 0
      },
      {
        "date": "2021-08-24",
        "followers": 5,
        "following": 1,
        "likes": 0,
        "uploads": 0
      },
      {
        "date": "2021-08-23",
        "followers": 5,
        "following": 1,
        "likes": 0,
        "uploads": 0
      },
      {
        "date": "2021-08-22",
        "followers": 5,
        "following": 1,
        "likes": 0,
        "uploads": 0
      },
      {
        "date": "2021-08-21",
        "followers": 5,
        "following": 1,
        "likes": 0,
        "uploads": 0
      },
      {
        "date": "2021-08-20",
        "followers": 5,
        "following": 1,
        "likes": 0,
        "uploads": 0
      },
      {
        "date": "2021-08-19",
        "followers": 5,
        "following": 1,
        "likes": 0,
        "uploads": 0
      },
      {
        "date": "2021-08-18",
        "followers": 5,
        "following": 1,
        "likes": 0,
        "uploads": 0
      },
      {
        "date": "2021-08-17",
        "followers": 5,
        "following": 1,
        "likes": 0,
        "uploads": 0
      },
      {
        "date": "2021-08-16",
        "followers": 5,
        "following": 1,
        "likes": 0,
        "uploads": 0
      },
      {
        "date": "2021-08-15",
        "followers": 5,
        "following": 1,
        "likes": 0,
        "uploads": 0
      },
      {
        "date": "2021-08-14",
        "followers": 5,
        "following": 1,
        "likes": 0,
        "uploads": 0
      },
      {
        "date": "2021-08-13",
        "followers": 5,
        "following": 1,
        "likes": 0,
        "uploads": 0
      },
      {
        "date": "2021-08-12",
        "followers": 5,
        "following": 1,
        "likes": 0,
        "uploads": 0
      },
      {
        "date": "2021-08-11",
        "followers": 5,
        "following": 1,
        "likes": 0,
        "uploads": 0
      },
      {
        "date": "2021-08-10",
        "followers": 5,
        "following": 1,
        "likes": 0,
        "uploads": 0
      },
      {
        "date": "2021-08-09",
        "followers": 5,
        "following": 1,
        "likes": 0,
        "uploads": 0
      },
      {
        "date": "2021-08-08",
        "followers": 5,
        "following": 1,
        "likes": 0,
        "uploads": 0
      },
      {
        "date": "2021-08-07",
        "followers": 5,
        "following": 1,
        "likes": 0,
        "uploads": 0
      },
      {
        "date": "2021-08-06",
        "followers": 5,
        "following": 1,
        "likes": 0,
        "uploads": 0
      },
      {
        "date": "2021-08-05",
        "followers": 5,
        "following": 1,
        "likes": 0,
        "uploads": 0
      },
      {
        "date": "2021-08-04",
        "followers": 5,
        "following": 1,
        "likes": 0,
        "uploads": 0
      },
      {
        "date": "2021-08-03",
        "followers": 5,
        "following": 1,
        "likes": 0,
        "uploads": 0
      },
      {
        "date": "2021-08-02",
        "followers": 5,
        "following": 1,
        "likes": 0,
        "uploads": 0
      },
      {
        "date": "2021-08-01",
        "followers": 5,
        "following": 1,
        "likes": 0,
        "uploads": 0
      },
      {
        "date": "2021-07-31",
        "followers": 5,
        "following": 1,
        "likes": 0,
        "uploads": 0
      },
      {
        "date": "2021-07-30",
        "followers": 5,
        "following": 1,
        "likes": 0,
        "uploads": 0
      },
      {
        "date": "2021-07-29",
        "followers": 5,
        "following": 1,
        "likes": 0,
        "uploads": 0
      },
      {
        "date": "2021-07-28",
        "followers": 5,
        "following": 1,
        "likes": 0,
        "uploads": 0
      },
      {
        "date": "2021-07-27",
        "followers": 5,
        "following": 1,
        "likes": 0,
        "uploads": 0
      },
      {
        "date": "2021-07-26",
        "followers": 5,
        "following": 1,
        "likes": 0,
        "uploads": 0
      },
      {
        "date": "2021-07-25",
        "followers": 5,
        "following": 1,
        "likes": 0,
        "uploads": 0
      },
      {
        "date": "2021-07-24",
        "followers": 5,
        "following": 1,
        "likes": 0,
        "uploads": 0
      },
      {
        "date": "2021-07-23",
        "followers": 5,
        "following": 1,
        "likes": 0,
        "uploads": 0
      },
      {
        "date": "2021-07-22",
        "followers": 5,
        "following": 1,
        "likes": 0,
        "uploads": 0
      },
      {
        "date": "2021-07-21",
        "followers": 5,
        "following": 1,
        "likes": 0,
        "uploads": 0
      },
      {
        "date": "2021-07-20",
        "followers": 5,
        "following": 1,
        "likes": 0,
        "uploads": 0
      },
      {
        "date": "2021-07-19",
        "followers": 5,
        "following": 1,
        "likes": 0,
        "uploads": 0
      },
      {
        "date": "2021-07-18",
        "followers": 5,
        "following": 1,
        "likes": 0,
        "uploads": 0
      },
      {
        "date": "2021-07-17",
        "followers": 5,
        "following": 1,
        "likes": 0,
        "uploads": 0
      },
      {
        "date": "2021-07-16",
        "followers": 5,
        "following": 1,
        "likes": 0,
        "uploads": 0
      },
      {
        "date": "2021-07-15",
        "followers": 5,
        "following": 1,
        "likes": 0,
        "uploads": 0
      },
      {
        "date": "2021-07-14",
        "followers": 5,
        "following": 1,
        "likes": 0,
        "uploads": 0
      },
      {
        "date": "2021-07-13",
        "followers": 5,
        "following": 1,
        "likes": 0,
        "uploads": 0
      },
      {
        "date": "2021-07-12",
        "followers": 5,
        "following": 1,
        "likes": 0,
        "uploads": 0
      },
      {
        "date": "2021-07-11",
        "followers": 5,
        "following": 1,
        "likes": 0,
        "uploads": 0
      },
      {
        "date": "2021-07-10",
        "followers": 5,
        "following": 1,
        "likes": 0,
        "uploads": 0
      },
      {
        "date": "2021-07-09",
        "followers": 5,
        "following": 1,
        "likes": 0,
        "uploads": 0
      },
      {
        "date": "2021-07-08",
        "followers": 5,
        "following": 1,
        "likes": 0,
        "uploads": 0
      },
      {
        "date": "2021-07-07",
        "followers": 5,
        "following": 1,
        "likes": 0,
        "uploads": 0
      },
      {
        "date": "2021-07-06",
        "followers": 5,
        "following": 1,
        "likes": 0,
        "uploads": 0
      },
      {
        "date": "2021-07-05",
        "followers": 5,
        "following": 1,
        "likes": 0,
        "uploads": 0
      },
      {
        "date": "2021-07-04",
        "followers": 5,
        "following": 1,
        "likes": 0,
        "uploads": 0
      },
      {
        "date": "2021-07-03",
        "followers": 5,
        "following": 1,
        "likes": 0,
        "uploads": 0
      },
      {
        "date": "2021-07-02",
        "followers": 5,
        "following": 1,
        "likes": 0,
        "uploads": 0
      },
      {
        "date": "2021-07-01",
        "followers": 5,
        "following": 1,
        "likes": 0,
        "uploads": 0
      },
      {
        "date": "2021-06-30",
        "followers": 5,
        "following": 1,
        "likes": 0,
        "uploads": 0
      },
      {
        "date": "2021-06-29",
        "followers": 5,
        "following": 1,
        "likes": 0,
        "uploads": 0
      },
      {
        "date": "2021-06-28",
        "followers": 5,
        "following": 1,
        "likes": 0,
        "uploads": 0
      },
      {
        "date": "2021-06-27",
        "followers": 5,
        "following": 1,
        "likes": 0,
        "uploads": 0
      },
      {
        "date": "2021-06-26",
        "followers": 5,
        "following": 1,
        "likes": 0,
        "uploads": 0
      },
      {
        "date": "2021-06-25",
        "followers": 5,
        "following": 1,
        "likes": 0,
        "uploads": 0
      },
      {
        "date": "2021-06-24",
        "followers": 5,
        "following": 1,
        "likes": 0,
        "uploads": 0
      },
      {
        "date": "2021-06-23",
        "followers": 5,
        "following": 1,
        "likes": 0,
        "uploads": 0
      },
      {
        "date": "2021-06-22",
        "followers": 5,
        "following": 1,
        "likes": 0,
        "uploads": 0
      },
      {
        "date": "2021-06-21",
        "followers": 5,
        "following": 1,
        "likes": 0,
        "uploads": 0
      },
      {
        "date": "2021-06-20",
        "followers": 5,
        "following": 1,
        "likes": 0,
        "uploads": 0
      },
      {
        "date": "2021-06-19",
        "followers": 5,
        "following": 1,
        "likes": 0,
        "uploads": 0
      },
      {
        "date": "2021-06-18",
        "followers": 5,
        "following": 1,
        "likes": 0,
        "uploads": 0
      },
      {
        "date": "2021-06-16",
        "followers": 5,
        "following": 1,
        "likes": 0,
        "uploads": 0
      },
      {
        "date": "2021-06-15",
        "followers": 5,
        "following": 1,
        "likes": 0,
        "uploads": 0
      },
      {
        "date": "2021-06-14",
        "followers": 5,
        "following": 1,
        "likes": 0,
        "uploads": 0
      },
      {
        "date": "2021-06-11",
        "followers": 5,
        "following": 1,
        "likes": 0,
        "uploads": 0
      },
      {
        "date": "2021-06-10",
        "followers": 5,
        "following": 1,
        "likes": 0,
        "uploads": 0
      },
      {
        "date": "2021-06-09",
        "followers": 5,
        "following": 1,
        "likes": 0,
        "uploads": 0
      },
      {
        "date": "2021-06-08",
        "followers": 5,
        "following": 1,
        "likes": 0,
        "uploads": 0
      },
      {
        "date": "2021-06-07",
        "followers": 5,
        "following": 1,
        "likes": 0,
        "uploads": 0
      },
      {
        "date": "2021-06-06",
        "followers": 5,
        "following": 1,
        "likes": 0,
        "uploads": 0
      },
      {
        "date": "2021-06-05",
        "followers": 5,
        "following": 1,
        "likes": 0,
        "uploads": 0
      },
      {
        "date": "2021-06-04",
        "followers": 5,
        "following": 1,
        "likes": 0,
        "uploads": 0
      },
      {
        "date": "2021-05-31",
        "followers": 5,
        "following": 1,
        "likes": 0,
        "uploads": 0
      },
      {
        "date": "2021-05-30",
        "followers": 5,
        "following": 1,
        "likes": 0,
        "uploads": 0
      },
      {
        "date": "2021-05-29",
        "followers": 5,
        "following": 1,
        "likes": 0,
        "uploads": 0
      },
      {
        "date": "2021-05-28",
        "followers": 5,
        "following": 1,
        "likes": 0,
        "uploads": 0
      },
      {
        "date": "2021-05-25",
        "followers": 5,
        "following": 1,
        "likes": 0,
        "uploads": 0
      },
      {
        "date": "2021-05-24",
        "followers": 5,
        "following": 1,
        "likes": 0,
        "uploads": 0
      },
      {
        "date": "2021-05-23",
        "followers": 5,
        "following": 1,
        "likes": 0,
        "uploads": 0
      },
      {
        "date": "2021-05-22",
        "followers": 5,
        "following": 1,
        "likes": 0,
        "uploads": 0
      },
      {
        "date": "2021-05-21",
        "followers": 5,
        "following": 1,
        "likes": 0,
        "uploads": 0
      },
      {
        "date": "2021-05-20",
        "followers": 5,
        "following": 1,
        "likes": 0,
        "uploads": 0
      },
      {
        "date": "2021-05-19",
        "followers": 5,
        "following": 1,
        "likes": 0,
        "uploads": 0
      },
      {
        "date": "2021-05-18",
        "followers": 5,
        "following": 1,
        "likes": 0,
        "uploads": 0
      },
      {
        "date": "2021-05-17",
        "followers": 5,
        "following": 1,
        "likes": 0,
        "uploads": 0
      },
      {
        "date": "2021-05-16",
        "followers": 5,
        "following": 1,
        "likes": 0,
        "uploads": 0
      },
      {
        "date": "2021-05-15",
        "followers": 5,
        "following": 1,
        "likes": 0,
        "uploads": 0
      },
      {
        "date": "2021-05-14",
        "followers": 5,
        "following": 1,
        "likes": 0,
        "uploads": 0
      },
      {
        "date": "2021-05-13",
        "followers": 5,
        "following": 1,
        "likes": 0,
        "uploads": 0
      },
      {
        "date": "2021-05-12",
        "followers": 5,
        "following": 1,
        "likes": 0,
        "uploads": 0
      },
      {
        "date": "2021-05-11",
        "followers": 5,
        "following": 1,
        "likes": 0,
        "uploads": 0
      },
      {
        "date": "2021-05-10",
        "followers": 5,
        "following": 1,
        "likes": 0,
        "uploads": 0
      },
      {
        "date": "2021-05-09",
        "followers": 5,
        "following": 1,
        "likes": 0,
        "uploads": 0
      },
      {
        "date": "2021-05-08",
        "followers": 5,
        "following": 1,
        "likes": 0,
        "uploads": 0
      },
      {
        "date": "2021-05-07",
        "followers": 5,
        "following": 1,
        "likes": 0,
        "uploads": 0
      },
      {
        "date": "2021-05-05",
        "followers": 5,
        "following": 1,
        "likes": 0,
        "uploads": 0
      },
      {
        "date": "2021-05-01",
        "followers": 5,
        "following": 1,
        "likes": 0,
        "uploads": 0
      },
      {
        "date": "2021-04-30",
        "followers": 5,
        "following": 1,
        "likes": 0,
        "uploads": 0
      },
      {
        "date": "2021-04-29",
        "followers": 5,
        "following": 1,
        "likes": 0,
        "uploads": 0
      },
      {
        "date": "2021-04-28",
        "followers": 5,
        "following": 1,
        "likes": 0,
        "uploads": 0
      },
      {
        "date": "2021-04-26",
        "followers": 5,
        "following": 1,
        "likes": 0,
        "uploads": 0
      },
      {
        "date": "2021-04-25",
        "followers": 5,
        "following": 1,
        "likes": 0,
        "uploads": 0
      },
      {
        "date": "2021-04-24",
        "followers": 5,
        "following": 1,
        "likes": 0,
        "uploads": 0
      },
      {
        "date": "2021-04-23",
        "followers": 5,
        "following": 1,
        "likes": 0,
        "uploads": 0
      },
      {
        "date": "2021-04-22",
        "followers": 5,
        "following": 1,
        "likes": 0,
        "uploads": 0
      },
      {
        "date": "2021-04-21",
        "followers": 5,
        "following": 1,
        "likes": 0,
        "uploads": 0
      },
      {
        "date": "2021-04-20",
        "followers": 5,
        "following": 1,
        "likes": 0,
        "uploads": 0
      },
      {
        "date": "2021-04-19",
        "followers": 5,
        "following": 1,
        "likes": 0,
        "uploads": 0
      },
      {
        "date": "2021-04-18",
        "followers": 5,
        "following": 1,
        "likes": 0,
        "uploads": 0
      },
      {
        "date": "2021-04-17",
        "followers": 5,
        "following": 1,
        "likes": 0,
        "uploads": 0
      },
      {
        "date": "2021-04-14",
        "followers": 5,
        "following": 1,
        "likes": 0,
        "uploads": 0
      },
      {
        "date": "2021-04-12",
        "followers": 5,
        "following": 1,
        "likes": 0,
        "uploads": 0
      },
      {
        "date": "2021-04-11",
        "followers": 5,
        "following": 1,
        "likes": 0,
        "uploads": 0
      },
      {
        "date": "2021-04-10",
        "followers": 5,
        "following": 1,
        "likes": 0,
        "uploads": 0
      },
      {
        "date": "2021-04-09",
        "followers": 5,
        "following": 1,
        "likes": 0,
        "uploads": 0
      },
      {
        "date": "2021-04-08",
        "followers": 5,
        "following": 1,
        "likes": 0,
        "uploads": 0
      },
      {
        "date": "2021-04-07",
        "followers": 5,
        "following": 1,
        "likes": 0,
        "uploads": 0
      },
      {
        "date": "2021-04-06",
        "followers": 5,
        "following": 1,
        "likes": 0,
        "uploads": 0
      },
      {
        "date": "2021-04-05",
        "followers": 5,
        "following": 1,
        "likes": 0,
        "uploads": 0
      },
      {
        "date": "2021-04-04",
        "followers": 5,
        "following": 1,
        "likes": 0,
        "uploads": 0
      },
      {
        "date": "2021-04-03",
        "followers": 5,
        "following": 1,
        "likes": 0,
        "uploads": 0
      },
      {
        "date": "2021-04-02",
        "followers": 5,
        "following": 1,
        "likes": 0,
        "uploads": 0
      },
      {
        "date": "2021-04-01",
        "followers": 5,
        "following": 1,
        "likes": 0,
        "uploads": 0
      },
      {
        "date": "2021-03-31",
        "followers": 5,
        "following": 1,
        "likes": 0,
        "uploads": 0
      },
      {
        "date": "2021-03-23",
        "followers": 5,
        "following": 1,
        "likes": 0,
        "uploads": 0
      },
      {
        "date": "2021-03-19",
        "followers": 5,
        "following": 1,
        "likes": 0,
        "uploads": 0
      },
      {
        "date": "2021-03-14",
        "followers": 5,
        "following": 1,
        "likes": 0,
        "uploads": 0
      },
      {
        "date": "2021-03-08",
        "followers": 5,
        "following": 1,
        "likes": 0,
        "uploads": 0
      },
      {
        "date": "2021-03-04",
        "followers": 5,
        "following": 1,
        "likes": 0,
        "uploads": 0
      },
      {
        "date": "2021-02-14",
        "followers": 5,
        "following": 1,
        "likes": 0,
        "uploads": 0
      },
      {
        "date": "2021-02-13",
        "followers": 5,
        "following": 1,
        "likes": 0,
        "uploads": 0
      },
      {
        "date": "2021-02-10",
        "followers": 5,
        "following": 1,
        "likes": 0,
        "uploads": 0
      },
      {
        "date": "2021-01-03",
        "followers": 5,
        "following": 1,
        "likes": 0,
        "uploads": 0
      },
      {
        "date": "2021-01-02",
        "followers": 5,
        "following": 1,
        "likes": 0,
        "uploads": 0
      },
      {
        "date": "2020-12-28",
        "followers": 5,
        "following": 1,
        "likes": 0,
        "uploads": 0
      },
      {
        "date": "2020-12-22",
        "followers": 5,
        "following": 1,
        "likes": 0,
        "uploads": 0
      },
      {
        "date": "2020-12-21",
        "followers": 5,
        "following": 1,
        "likes": 0,
        "uploads": 0
      },
      {
        "date": "2020-12-19",
        "followers": 5,
        "following": 1,
        "likes": 0,
        "uploads": 0
      },
      {
        "date": "2020-12-18",
        "followers": 5,
        "following": 1,
        "likes": 0,
        "uploads": 0
      },
      {
        "date": "2020-12-14",
        "followers": 5,
        "following": 1,
        "likes": 0,
        "uploads": 0
      },
      {
        "date": "2020-12-13",
        "followers": 5,
        "following": 1,
        "likes": 0,
        "uploads": 0
      },
      {
        "date": "2020-12-12",
        "followers": 5,
        "following": 1,
        "likes": 0,
        "uploads": 0
      },
      {
        "date": "2020-12-10",
        "followers": 5,
        "following": 1,
        "likes": 0,
        "uploads": 0
      },
      {
        "date": "2020-12-09",
        "followers": 5,
        "following": 1,
        "likes": 0,
        "uploads": 0
      },
      {
        "date": "2020-12-08",
        "followers": 5,
        "following": 1,
        "likes": 0,
        "uploads": 0
      },
      {
        "date": "2020-12-07",
        "followers": 5,
        "following": 1,
        "likes": 0,
        "uploads": 0
      },
      {
        "date": "2020-12-06",
        "followers": 5,
        "following": 1,
        "likes": 0,
        "uploads": 0
      },
      {
        "date": "2020-12-05",
        "followers": 5,
        "following": 1,
        "likes": 0,
        "uploads": 0
      },
      {
        "date": "2020-12-04",
        "followers": 6,
        "following": 1,
        "likes": 0,
        "uploads": 0
      },
      {
        "date": "2020-12-02",
        "followers": 6,
        "following": 1,
        "likes": 0,
        "uploads": 0
      },
      {
        "date": "2020-12-01",
        "followers": 6,
        "following": 1,
        "likes": 0,
        "uploads": 0
      },
      {
        "date": "2020-11-30",
        "followers": 5,
        "following": 1,
        "likes": 0,
        "uploads": 0
      },
      {
        "date": "2020-11-28",
        "followers": 5,
        "following": 1,
        "likes": 0,
        "uploads": 0
      },
      {
        "date": "2020-11-26",
        "followers": 6,
        "following": 1,
        "likes": 0,
        "uploads": 0
      },
      {
        "date": "2020-11-24",
        "followers": 6,
        "following": 1,
        "likes": 0,
        "uploads": 0
      },
      {
        "date": "2020-11-23",
        "followers": 5,
        "following": 1,
        "likes": 0,
        "uploads": 0
      },
      {
        "date": "2020-11-22",
        "followers": 5,
        "following": 1,
        "likes": 0,
        "uploads": 0
      },
      {
        "date": "2020-11-21",
        "followers": 5,
        "following": 1,
        "likes": 0,
        "uploads": 0
      },
      {
        "date": "2020-11-20",
        "followers": 5,
        "following": 1,
        "likes": 0,
        "uploads": 0
      },
      {
        "date": "2020-11-16",
        "followers": 5,
        "following": 1,
        "likes": 0,
        "uploads": 0
      },
      {
        "date": "2020-11-15",
        "followers": 5,
        "following": 1,
        "likes": 0,
        "uploads": 0
      },
      {
        "date": "2020-11-14",
        "followers": 5,
        "following": 1,
        "likes": 0,
        "uploads": 0
      },
      {
        "date": "2020-11-12",
        "followers": 5,
        "following": 1,
        "likes": 0,
        "uploads": 0
      },
      {
        "date": "2020-11-11",
        "followers": 5,
        "following": 1,
        "likes": 0,
        "uploads": 0
      },
      {
        "date": "2020-11-10",
        "followers": 5,
        "following": 1,
        "likes": 0,
        "uploads": 0
      },
      {
        "date": "2020-11-09",
        "followers": 5,
        "following": 1,
        "likes": 0,
        "uploads": 0
      },
      {
        "date": "2020-11-08",
        "followers": 5,
        "following": 1,
        "likes": 0,
        "uploads": 0
      },
      {
        "date": "2020-11-07",
        "followers": 5,
        "following": 1,
        "likes": 0,
        "uploads": 0
      },
      {
        "date": "2020-11-06",
        "followers": 5,
        "following": 1,
        "likes": 0,
        "uploads": 0
      },
      {
        "date": "2020-11-05",
        "followers": 5,
        "following": 1,
        "likes": 0,
        "uploads": 0
      },
      {
        "date": "2020-11-04",
        "followers": 5,
        "following": 1,
        "likes": 0,
        "uploads": 0
      },
      {
        "date": "2020-11-03",
        "followers": 5,
        "following": 1,
        "likes": 0,
        "uploads": 0
      },
      {
        "date": "2020-11-02",
        "followers": 5,
        "following": 1,
        "likes": 0,
        "uploads": 0
      },
      {
        "date": "2020-11-01",
        "followers": 5,
        "following": 1,
        "likes": 0,
        "uploads": 0
      },
      {
        "date": "2020-10-31",
        "followers": 5,
        "following": 1,
        "likes": 0,
        "uploads": 0
      },
      {
        "date": "2020-10-30",
        "followers": 5,
        "following": 1,
        "likes": 0,
        "uploads": 0
      },
      {
        "date": "2020-10-29",
        "followers": 5,
        "following": 1,
        "likes": 0,
        "uploads": 0
      },
      {
        "date": "2020-10-28",
        "followers": 5,
        "following": 1,
        "likes": 0,
        "uploads": 0
      },
      {
        "date": "2020-10-27",
        "followers": 5,
        "following": 1,
        "likes": 0,
        "uploads": 0
      },
      {
        "date": "2020-10-26",
        "followers": 5,
        "following": 1,
        "likes": 0,
        "uploads": 0
      },
      {
        "date": "2020-10-25",
        "followers": 5,
        "following": 1,
        "likes": 0,
        "uploads": 0
      },
      {
        "date": "2020-10-24",
        "followers": 5,
        "following": 1,
        "likes": 0,
        "uploads": 0
      },
      {
        "date": "2020-10-23",
        "followers": 5,
        "following": 1,
        "likes": 0,
        "uploads": 0
      },
      {
        "date": "2020-10-22",
        "followers": 6,
        "following": 1,
        "likes": 0,
        "uploads": 0
      },
      {
        "date": "2020-10-21",
        "followers": 6,
        "following": 1,
        "likes": 0,
        "uploads": 0
      },
      {
        "date": "2020-10-20",
        "followers": 6,
        "following": 1,
        "likes": 0,
        "uploads": 0
      },
      {
        "date": "2020-10-19",
        "followers": 6,
        "following": 1,
        "likes": 0,
        "uploads": 0
      },
      {
        "date": "2020-10-18",
        "followers": 6,
        "following": 1,
        "likes": 0,
        "uploads": 0
      },
      {
        "date": "2020-10-17",
        "followers": 6,
        "following": 1,
        "likes": 0,
        "uploads": 0
      },
      {
        "date": "2020-10-16",
        "followers": 6,
        "following": 1,
        "likes": 0,
        "uploads": 0
      },
      {
        "date": "2020-10-15",
        "followers": 6,
        "following": 1,
        "likes": 0,
        "uploads": 0
      },
      {
        "date": "2020-10-14",
        "followers": 6,
        "following": 1,
        "likes": 0,
        "uploads": 0
      },
      {
        "date": "2020-10-13",
        "followers": 6,
        "following": 1,
        "likes": 0,
        "uploads": 0
      },
      {
        "date": "2020-10-12",
        "followers": 6,
        "following": 1,
        "likes": 0,
        "uploads": 0
      },
      {
        "date": "2020-10-11",
        "followers": 6,
        "following": 1,
        "likes": 0,
        "uploads": 0
      },
      {
        "date": "2020-10-10",
        "followers": 6,
        "following": 1,
        "likes": 0,
        "uploads": 0
      },
      {
        "date": "2020-10-09",
        "followers": 6,
        "following": 1,
        "likes": 0,
        "uploads": 0
      },
      {
        "date": "2020-10-08",
        "followers": 6,
        "following": 1,
        "likes": 0,
        "uploads": 0
      },
      {
        "date": "2020-10-07",
        "followers": 6,
        "following": 1,
        "likes": 0,
        "uploads": 0
      },
      {
        "date": "2020-10-06",
        "followers": 6,
        "following": 1,
        "likes": 0,
        "uploads": 0
      },
      {
        "date": "2020-10-05",
        "followers": 6,
        "following": 1,
        "likes": 0,
        "uploads": 0
      },
      {
        "date": "2020-10-04",
        "followers": 6,
        "following": 1,
        "likes": 0,
        "uploads": 0
      },
      {
        "date": "2020-10-03",
        "followers": 6,
        "following": 1,
        "likes": 0,
        "uploads": 0
      },
      {
        "date": "2020-10-02",
        "followers": 6,
        "following": 1,
        "likes": 0,
        "uploads": 0
      },
      {
        "date": "2020-10-01",
        "followers": 6,
        "following": 1,
        "likes": 0,
        "uploads": 0
      },
      {
        "date": "2020-09-30",
        "followers": 6,
        "following": 1,
        "likes": 0,
        "uploads": 0
      },
      {
        "date": "2020-09-29",
        "followers": 6,
        "following": 1,
        "likes": 0,
        "uploads": 0
      },
      {
        "date": "2020-09-28",
        "followers": 6,
        "following": 1,
        "likes": 0,
        "uploads": 0
      },
      {
        "date": "2020-09-27",
        "followers": 6,
        "following": 1,
        "likes": 0,
        "uploads": 0
      },
      {
        "date": "2020-09-26",
        "followers": 6,
        "following": 1,
        "likes": 0,
        "uploads": 0
      },
      {
        "date": "2020-09-25",
        "followers": 6,
        "following": 1,
        "likes": 0,
        "uploads": 0
      },
      {
        "date": "2020-09-24",
        "followers": 6,
        "following": 1,
        "likes": 0,
        "uploads": 0
      },
      {
        "date": "2020-09-23",
        "followers": 6,
        "following": 1,
        "likes": 0,
        "uploads": 0
      },
      {
        "date": "2020-09-22",
        "followers": 6,
        "following": 1,
        "likes": 0,
        "uploads": 0
      },
      {
        "date": "2020-09-21",
        "followers": 6,
        "following": 1,
        "likes": 0,
        "uploads": 0
      },
      {
        "date": "2020-09-20",
        "followers": 6,
        "following": 1,
        "likes": 0,
        "uploads": 0
      },
      {
        "date": "2020-09-19",
        "followers": 6,
        "following": 1,
        "likes": 0,
        "uploads": 0
      },
      {
        "date": "2020-09-18",
        "followers": 6,
        "following": 1,
        "likes": 0,
        "uploads": 0
      },
      {
        "date": "2020-09-17",
        "followers": 6,
        "following": 1,
        "likes": 0,
        "uploads": 0
      },
      {
        "date": "2020-09-16",
        "followers": 6,
        "following": 1,
        "likes": 0,
        "uploads": 0
      },
      {
        "date": "2020-09-15",
        "followers": 6,
        "following": 1,
        "likes": 0,
        "uploads": 0
      },
      {
        "date": "2020-09-14",
        "followers": 6,
        "following": 1,
        "likes": 0,
        "uploads": 0
      },
      {
        "date": "2020-09-13",
        "followers": 6,
        "following": 1,
        "likes": 0,
        "uploads": 0
      },
      {
        "date": "2020-09-12",
        "followers": 6,
        "following": 1,
        "likes": 0,
        "uploads": 0
      },
      {
        "date": "2020-09-11",
        "followers": 6,
        "following": 1,
        "likes": 0,
        "uploads": 0
      },
      {
        "date": "2020-09-10",
        "followers": 6,
        "following": 1,
        "likes": 0,
        "uploads": 0
      },
      {
        "date": "2020-09-09",
        "followers": 6,
        "following": 1,
        "likes": 0,
        "uploads": 0
      },
      {
        "date": "2020-09-08",
        "followers": 6,
        "following": 1,
        "likes": 0,
        "uploads": 0
      },
      {
        "date": "2020-09-07",
        "followers": 6,
        "following": 1,
        "likes": 0,
        "uploads": 0
      },
      {
        "date": "2020-09-06",
        "followers": 6,
        "following": 1,
        "likes": 0,
        "uploads": 0
      },
      {
        "date": "2020-09-05",
        "followers": 6,
        "following": 1,
        "likes": 0,
        "uploads": 0
      },
      {
        "date": "2020-09-04",
        "followers": 6,
        "following": 1,
        "likes": 0,
        "uploads": 0
      },
      {
        "date": "2020-09-03",
        "followers": 6,
        "following": 1,
        "likes": 0,
        "uploads": 0
      },
      {
        "date": "2020-09-02",
        "followers": 6,
        "following": 1,
        "likes": 0,
        "uploads": 0
      },
      {
        "date": "2020-09-01",
        "followers": 6,
        "following": 1,
        "likes": 0,
        "uploads": 0
      },
      {
        "date": "2020-08-31",
        "followers": 6,
        "following": 1,
        "likes": 0,
        "uploads": 0
      },
      {
        "date": "2020-08-30",
        "followers": 6,
        "following": 1,
        "likes": 0,
        "uploads": 0
      },
      {
        "date": "2020-08-29",
        "followers": 6,
        "following": 1,
        "likes": 0,
        "uploads": 0
      },
      {
        "date": "2020-08-28",
        "followers": 6,
        "following": 1,
        "likes": 0,
        "uploads": 0
      },
      {
        "date": "2020-08-27",
        "followers": 6,
        "following": 1,
        "likes": 0,
        "uploads": 0
      },
      {
        "date": "2020-08-26",
        "followers": 6,
        "following": 1,
        "likes": 0,
        "uploads": 0
      },
      {
        "date": "2020-08-25",
        "followers": 6,
        "following": 1,
        "likes": 0,
        "uploads": 0
      },
      {
        "date": "2020-08-24",
        "followers": 6,
        "following": 1,
        "likes": 0,
        "uploads": 0
      },
      {
        "date": "2020-08-23",
        "followers": 6,
        "following": 1,
        "likes": 0,
        "uploads": 0
      },
      {
        "date": "2020-08-22",
        "followers": 6,
        "following": 1,
        "likes": 0,
        "uploads": 0
      },
      {
        "date": "2020-08-21",
        "followers": 6,
        "following": 1,
        "likes": 0,
        "uploads": 0
      },
      {
        "date": "2020-08-20",
        "followers": 6,
        "following": 1,
        "likes": 0,
        "uploads": 0
      },
      {
        "date": "2020-08-19",
        "followers": 6,
        "following": 1,
        "likes": 0,
        "uploads": 0
      },
      {
        "date": "2020-08-18",
        "followers": 6,
        "following": 1,
        "likes": 0,
        "uploads": 0
      },
      {
        "date": "2020-08-17",
        "followers": 6,
        "following": 1,
        "likes": 0,
        "uploads": 0
      },
      {
        "date": "2020-08-16",
        "followers": 6,
        "following": 1,
        "likes": 0,
        "uploads": 0
      },
      {
        "date": "2020-08-15",
        "followers": 6,
        "following": 1,
        "likes": 0,
        "uploads": 0
      },
      {
        "date": "2020-08-14",
        "followers": 6,
        "following": 1,
        "likes": 0,
        "uploads": 0
      },
      {
        "date": "2020-08-13",
        "followers": 6,
        "following": 1,
        "likes": 0,
        "uploads": 0
      },
      {
        "date": "2020-08-12",
        "followers": 6,
        "following": 1,
        "likes": 0,
        "uploads": 0
      },
      {
        "date": "2020-08-11",
        "followers": 6,
        "following": 1,
        "likes": 0,
        "uploads": 0
      },
      {
        "date": "2020-08-10",
        "followers": 6,
        "following": 1,
        "likes": 0,
        "uploads": 0
      },
      {
        "date": "2020-08-09",
        "followers": 6,
        "following": 1,
        "likes": 0,
        "uploads": 0
      },
      {
        "date": "2020-08-08",
        "followers": 6,
        "following": 1,
        "likes": 0,
        "uploads": 0
      },
      {
        "date": "2020-08-04",
        "followers": 6,
        "following": 1,
        "likes": 0,
        "uploads": 0
      },
      {
        "date": "2020-08-03",
        "followers": 6,
        "following": 1,
        "likes": 0,
        "uploads": 0
      },
      {
        "date": "2020-08-02",
        "followers": 6,
        "following": 1,
        "likes": 0,
        "uploads": 0
      },
      {
        "date": "2020-08-01",
        "followers": 6,
        "following": 1,
        "likes": 0,
        "uploads": 0
      },
      {
        "date": "2020-07-31",
        "followers": 6,
        "following": 1,
        "likes": 0,
        "uploads": 0
      },
      {
        "date": "2020-07-30",
        "followers": 6,
        "following": 1,
        "likes": 0,
        "uploads": 0
      },
      {
        "date": "2020-07-29",
        "followers": 6,
        "following": 1,
        "likes": 0,
        "uploads": 0
      },
      {
        "date": "2020-07-28",
        "followers": 6,
        "following": 1,
        "likes": 0,
        "uploads": 0
      },
      {
        "date": "2020-07-27",
        "followers": 6,
        "following": 1,
        "likes": 0,
        "uploads": 0
      },
      {
        "date": "2020-07-26",
        "followers": 6,
        "following": 1,
        "likes": 0,
        "uploads": 0
      },
      {
        "date": "2020-07-25",
        "followers": 6,
        "following": 1,
        "likes": 0,
        "uploads": 0
      },
      {
        "date": "2020-07-24",
        "followers": 6,
        "following": 1,
        "likes": 0,
        "uploads": 0
      },
      {
        "date": "2020-07-23",
        "followers": 6,
        "following": 1,
        "likes": 0,
        "uploads": 0
      },
      {
        "date": "2020-07-22",
        "followers": 6,
        "following": 1,
        "likes": 0,
        "uploads": 0
      },
      {
        "date": "2020-07-21",
        "followers": 6,
        "following": 1,
        "likes": 0,
        "uploads": 0
      },
      {
        "date": "2020-07-20",
        "followers": 6,
        "following": 1,
        "likes": 0,
        "uploads": 0
      },
      {
        "date": "2020-07-19",
        "followers": 6,
        "following": 1,
        "likes": 0,
        "uploads": 0
      },
      {
        "date": "2020-07-18",
        "followers": 6,
        "following": 1,
        "likes": 0,
        "uploads": 0
      },
      {
        "date": "2020-07-17",
        "followers": 6,
        "following": 1,
        "likes": 0,
        "uploads": 0
      },
      {
        "date": "2020-07-16",
        "followers": 6,
        "following": 1,
        "likes": 0,
        "uploads": 0
      },
      {
        "date": "2020-07-15",
        "followers": 6,
        "following": 1,
        "likes": 0,
        "uploads": 0
      },
      {
        "date": "2020-07-14",
        "followers": 6,
        "following": 1,
        "likes": 0,
        "uploads": 0
      },
      {
        "date": "2020-07-13",
        "followers": 6,
        "following": 1,
        "likes": 0,
        "uploads": 0
      },
      {
        "date": "2020-07-12",
        "followers": 6,
        "following": 1,
        "likes": 0,
        "uploads": 0
      },
      {
        "date": "2020-07-11",
        "followers": 6,
        "following": 1,
        "likes": 0,
        "uploads": 0
      },
      {
        "date": "2020-07-10",
        "followers": 6,
        "following": 1,
        "likes": 0,
        "uploads": 0
      },
      {
        "date": "2020-07-09",
        "followers": 6,
        "following": 1,
        "likes": 0,
        "uploads": 0
      },
      {
        "date": "2020-07-08",
        "followers": 6,
        "following": 1,
        "likes": 0,
        "uploads": 0
      },
      {
        "date": "2020-07-07",
        "followers": 6,
        "following": 1,
        "likes": 0,
        "uploads": 0
      },
      {
        "date": "2020-07-06",
        "followers": 6,
        "following": 1,
        "likes": 0,
        "uploads": 0
      },
      {
        "date": "2020-07-05",
        "followers": 6,
        "following": 1,
        "likes": 0,
        "uploads": 0
      },
      {
        "date": "2020-07-04",
        "followers": 6,
        "following": 1,
        "likes": 0,
        "uploads": 0
      },
      {
        "date": "2020-07-03",
        "followers": 6,
        "following": 1,
        "likes": 0,
        "uploads": 0
      },
      {
        "date": "2020-07-02",
        "followers": 6,
        "following": 1,
        "likes": 0,
        "uploads": 0
      },
      {
        "date": "2020-07-01",
        "followers": 6,
        "following": 1,
        "likes": 0,
        "uploads": 0
      },
      {
        "date": "2020-06-30",
        "followers": 6,
        "following": 1,
        "likes": 0,
        "uploads": 0
      },
      {
        "date": "2020-06-29",
        "followers": 6,
        "following": 1,
        "likes": 0,
        "uploads": 0
      },
      {
        "date": "2020-06-28",
        "followers": 6,
        "following": 1,
        "likes": 0,
        "uploads": 0
      },
      {
        "date": "2020-06-27",
        "followers": 6,
        "following": 1,
        "likes": 0,
        "uploads": 0
      },
      {
        "date": "2020-06-26",
        "followers": 6,
        "following": 1,
        "likes": 0,
        "uploads": 0
      },
      {
        "date": "2020-06-25",
        "followers": 6,
        "following": 1,
        "likes": 0,
        "uploads": 0
      },
      {
        "date": "2020-06-23",
        "followers": 6,
        "following": 1,
        "likes": 0,
        "uploads": 0
      },
      {
        "date": "2020-06-22",
        "followers": 6,
        "following": 1,
        "likes": 0,
        "uploads": 0
      },
      {
        "date": "2020-06-21",
        "followers": 6,
        "following": 1,
        "likes": 0,
        "uploads": 0
      },
      {
        "date": "2020-06-20",
        "followers": 6,
        "following": 1,
        "likes": 0,
        "uploads": 0
      },
      {
        "date": "2020-06-19",
        "followers": 6,
        "following": 1,
        "likes": 0,
        "uploads": 0
      },
      {
        "date": "2020-06-18",
        "followers": 6,
        "following": 1,
        "likes": 0,
        "uploads": 0
      },
      {
        "date": "2020-06-17",
        "followers": 6,
        "following": 1,
        "likes": 0,
        "uploads": 0
      },
      {
        "date": "2020-06-16",
        "followers": 5,
        "following": 1,
        "likes": 0,
        "uploads": 0
      },
      {
        "date": "2020-06-15",
        "followers": 5,
        "following": 1,
        "likes": 0,
        "uploads": 0
      },
      {
        "date": "2020-06-14",
        "followers": 5,
        "following": 1,
        "likes": 0,
        "uploads": 0
      },
      {
        "date": "2020-06-13",
        "followers": 5,
        "following": 1,
        "likes": 0,
        "uploads": 0
      },
      {
        "date": "2020-06-12",
        "followers": 5,
        "following": 1,
        "likes": 0,
        "uploads": 0
      },
      {
        "date": "2020-06-11",
        "followers": 5,
        "following": 1,
        "likes": 0,
        "uploads": 0
      },
      {
        "date": "2020-06-10",
        "followers": 5,
        "following": 1,
        "likes": 0,
        "uploads": 0
      },
      {
        "date": "2020-06-09",
        "followers": 5,
        "following": 1,
        "likes": 0,
        "uploads": 0
      },
      {
        "date": "2020-06-08",
        "followers": 5,
        "following": 1,
        "likes": 0,
        "uploads": 0
      },
      {
        "date": "2020-06-07",
        "followers": 5,
        "following": 1,
        "likes": 0,
        "uploads": 0
      },
      {
        "date": "2020-06-06",
        "followers": 5,
        "following": 1,
        "likes": 0,
        "uploads": 0
      },
      {
        "date": "2020-06-05",
        "followers": 5,
        "following": 1,
        "likes": 0,
        "uploads": 0
      },
      {
        "date": "2020-06-04",
        "followers": 5,
        "following": 1,
        "likes": 0,
        "uploads": 0
      },
      {
        "date": "2020-06-03",
        "followers": 5,
        "following": 1,
        "likes": 0,
        "uploads": 0
      },
      {
        "date": "2020-06-02",
        "followers": 5,
        "following": 1,
        "likes": 0,
        "uploads": 0
      },
      {
        "date": "2020-06-01",
        "followers": 5,
        "following": 1,
        "likes": 0,
        "uploads": 0
      },
      {
        "date": "2020-05-31",
        "followers": 5,
        "following": 1,
        "likes": 0,
        "uploads": 0
      },
      {
        "date": "2020-05-29",
        "followers": 5,
        "following": 1,
        "likes": 0,
        "uploads": 0
      },
      {
        "date": "2020-05-28",
        "followers": 5,
        "following": 1,
        "likes": 0,
        "uploads": 0
      },
      {
        "date": "2020-05-27",
        "followers": 5,
        "following": 1,
        "likes": 0,
        "uploads": 0
      },
      {
        "date": "2020-05-26",
        "followers": 5,
        "following": 1,
        "likes": 0,
        "uploads": 0
      },
      {
        "date": "2020-05-25",
        "followers": 5,
        "following": 1,
        "likes": 0,
        "uploads": 0
      },
      {
        "date": "2020-05-24",
        "followers": 5,
        "following": 1,
        "likes": 0,
        "uploads": 0
      },
      {
        "date": "2020-05-23",
        "followers": 5,
        "following": 1,
        "likes": 0,
        "uploads": 0
      },
      {
        "date": "2020-05-22",
        "followers": 5,
        "following": 1,
        "likes": 0,
        "uploads": 0
      },
      {
        "date": "2020-05-21",
        "followers": 5,
        "following": 1,
        "likes": 0,
        "uploads": 0
      },
      {
        "date": "2020-05-20",
        "followers": 5,
        "following": 1,
        "likes": 0,
        "uploads": 0
      },
      {
        "date": "2020-05-19",
        "followers": 5,
        "following": 1,
        "likes": 0,
        "uploads": 0
      },
      {
        "date": "2020-05-18",
        "followers": 5,
        "following": 1,
        "likes": 0,
        "uploads": 0
      },
      {
        "date": "2020-05-17",
        "followers": 5,
        "following": 1,
        "likes": 0,
        "uploads": 0
      },
      {
        "date": "2020-05-16",
        "followers": 5,
        "following": 1,
        "likes": 0,
        "uploads": 0
      },
      {
        "date": "2020-05-14",
        "followers": 5,
        "following": 1,
        "likes": 0,
        "uploads": 0
      },
      {
        "date": "2020-05-13",
        "followers": 5,
        "following": 1,
        "likes": 0,
        "uploads": 0
      },
      {
        "date": "2020-05-12",
        "followers": 5,
        "following": 1,
        "likes": 0,
        "uploads": 0
      },
      {
        "date": "2020-05-11",
        "followers": 4,
        "following": 1,
        "likes": 0,
        "uploads": 0
      },
      {
        "date": "2020-05-10",
        "followers": 4,
        "following": 1,
        "likes": 0,
        "uploads": 0
      },
      {
        "date": "2020-05-09",
        "followers": 4,
        "following": 1,
        "likes": 0,
        "uploads": 0
      },
      {
        "date": "2020-05-08",
        "followers": 4,
        "following": 1,
        "likes": 0,
        "uploads": 0
      },
      {
        "date": "2020-05-07",
        "followers": 4,
        "following": 1,
        "likes": 0,
        "uploads": 0
      },
      {
        "date": "2020-05-06",
        "followers": 4,
        "following": 1,
        "likes": 0,
        "uploads": 0
      },
      {
        "date": "2020-05-05",
        "followers": 4,
        "following": 1,
        "likes": 0,
        "uploads": 0
      },
      {
        "date": "2020-05-04",
        "followers": 4,
        "following": 1,
        "likes": 0,
        "uploads": 0
      },
      {
        "date": "2020-05-03",
        "followers": 4,
        "following": 1,
        "likes": 0,
        "uploads": 0
      },
      {
        "date": "2020-05-02",
        "followers": 4,
        "following": 1,
        "likes": 0,
        "uploads": 0
      },
      {
        "date": "2020-05-01",
        "followers": 4,
        "following": 1,
        "likes": 0,
        "uploads": 0
      },
      {
        "date": "2020-04-30",
        "followers": 4,
        "following": 1,
        "likes": 0,
        "uploads": 0
      },
      {
        "date": "2020-04-29",
        "followers": 4,
        "following": 1,
        "likes": 0,
        "uploads": 0
      },
      {
        "date": "2020-04-28",
        "followers": 4,
        "following": 1,
        "likes": 0,
        "uploads": 0
      },
      {
        "date": "2020-04-27",
        "followers": 4,
        "following": 1,
        "likes": 0,
        "uploads": 0
      },
      {
        "date": "2020-04-26",
        "followers": 4,
        "following": 1,
        "likes": 0,
        "uploads": 0
      },
      {
        "date": "2020-04-25",
        "followers": 4,
        "following": 1,
        "likes": 0,
        "uploads": 0
      },
      {
        "date": "2020-04-24",
        "followers": 4,
        "following": 1,
        "likes": 0,
        "uploads": 0
      },
      {
        "date": "2020-04-23",
        "followers": 4,
        "following": 1,
        "likes": 0,
        "uploads": 0
      },
      {
        "date": "2020-04-22",
        "followers": 4,
        "following": 1,
        "likes": 0,
        "uploads": 0
      },
      {
        "date": "2020-04-21",
        "followers": 4,
        "following": 1,
        "likes": 0,
        "uploads": 0
      },
      {
        "date": "2020-04-20",
        "followers": 4,
        "following": 1,
        "likes": 0,
        "uploads": 0
      },
      {
        "date": "2020-04-19",
        "followers": 4,
        "following": 1,
        "likes": 0,
        "uploads": 0
      },
      {
        "date": "2020-04-18",
        "followers": 4,
        "following": 1,
        "likes": 0,
        "uploads": 0
      },
      {
        "date": "2020-04-17",
        "followers": 4,
        "following": 1,
        "likes": 0,
        "uploads": 0
      },
      {
        "date": "2020-04-16",
        "followers": 4,
        "following": 1,
        "likes": 0,
        "uploads": 0
      },
      {
        "date": "2020-04-15",
        "followers": 4,
        "following": 1,
        "likes": 0,
        "uploads": 0
      },
      {
        "date": "2020-04-14",
        "followers": 4,
        "following": 1,
        "likes": 0,
        "uploads": 0
      },
      {
        "date": "2020-04-13",
        "followers": 4,
        "following": 1,
        "likes": 0,
        "uploads": 0
      },
      {
        "date": "2020-04-12",
        "followers": 4,
        "following": 1,
        "likes": 0,
        "uploads": 0
      },
      {
        "date": "2020-04-11",
        "followers": 4,
        "following": 1,
        "likes": 0,
        "uploads": 0
      },
      {
        "date": "2020-04-10",
        "followers": 4,
        "following": 1,
        "likes": 0,
        "uploads": 0
      },
      {
        "date": "2020-04-09",
        "followers": 4,
        "following": 1,
        "likes": 0,
        "uploads": 0
      },
      {
        "date": "2020-04-08",
        "followers": 4,
        "following": 1,
        "likes": 0,
        "uploads": 0
      },
      {
        "date": "2020-04-07",
        "followers": 4,
        "following": 1,
        "likes": 0,
        "uploads": 0
      },
      {
        "date": "2020-04-06",
        "followers": 4,
        "following": 1,
        "likes": 0,
        "uploads": 0
      },
      {
        "date": "2020-04-04",
        "followers": 4,
        "following": 1,
        "likes": 0,
        "uploads": 0
      },
      {
        "date": "2020-04-03",
        "followers": 4,
        "following": 1,
        "likes": 0,
        "uploads": 0
      },
      {
        "date": "2020-04-02",
        "followers": 4,
        "following": 1,
        "likes": 0,
        "uploads": 0
      }
    ]
  }
}